[{"id":1,"first_name":"Hebert","last_name":"Janus","email":"hjanus0@elegantthemes.com","gender":"Male"},
{"id":2,"first_name":"Eyde","last_name":"Hassent","email":"ehassent1@opensource.org","gender":"Female"},
{"id":3,"first_name":"Anitra","last_name":"Casotti","email":"acasotti2@themeforest.net","gender":"Female"},
{"id":4,"first_name":"Rafa","last_name":"Dewdeny","email":"rdewdeny3@newsvine.com","gender":"Female"},
{"id":5,"first_name":"Marcy","last_name":"Tighe","email":"mtighe4@friendfeed.com","gender":"Female"},
{"id":6,"first_name":"Adolpho","last_name":"Heater","email":"aheater5@nymag.com","gender":"Male"},
{"id":7,"first_name":"Xaviera","last_name":"Giocannoni","email":"xgiocannoni6@people.com.cn","gender":"Female"},
{"id":8,"first_name":"Spenser","last_name":"Kember","email":"skember7@furl.net","gender":"Male"},
{"id":9,"first_name":"Colan","last_name":"Wrighton","email":"cwrighton8@hao123.com","gender":"Male"},
{"id":10,"first_name":"Alissa","last_name":"Riha","email":"ariha9@facebook.com","gender":"Female"},
{"id":11,"first_name":"Franny","last_name":"Lengthorn","email":"flengthorna@qq.com","gender":"Male"},
{"id":12,"first_name":"Clementine","last_name":"McClinton","email":"cmcclintonb@telegraph.co.uk","gender":"Female"},
{"id":13,"first_name":"Aubert","last_name":"Bleazard","email":"ableazardc@wikimedia.org","gender":"Male"},
{"id":14,"first_name":"Lydon","last_name":"Blazdell","email":"lblazdelld@ameblo.jp","gender":"Male"},
{"id":15,"first_name":"Clair","last_name":"Kamen","email":"ckamene@cyberchimps.com","gender":"Male"},
{"id":16,"first_name":"Rockey","last_name":"Leipnik","email":"rleipnikf@gmpg.org","gender":"Male"},
{"id":17,"first_name":"Granny","last_name":"True","email":"gtrueg@timesonline.co.uk","gender":"Male"},
{"id":18,"first_name":"Cymbre","last_name":"Balcombe","email":"cbalcombeh@hostgator.com","gender":"Female"},
{"id":19,"first_name":"Rhea","last_name":"Codeman","email":"rcodemani@ebay.com","gender":"Female"},
{"id":20,"first_name":"Sven","last_name":"Ridesdale","email":"sridesdalej@miitbeian.gov.cn","gender":"Male"},
{"id":21,"first_name":"Mary","last_name":"Aldrich","email":"maldrichk@spiegel.de","gender":"Female"},
{"id":22,"first_name":"Selby","last_name":"Segeswoeth","email":"ssegeswoethl@shareasale.com","gender":"Male"},
{"id":23,"first_name":"Francesco","last_name":"Josskovitz","email":"fjosskovitzm@furl.net","gender":"Male"},
{"id":24,"first_name":"Jecho","last_name":"Rearden","email":"jreardenn@freewebs.com","gender":"Male"},
{"id":25,"first_name":"Reena","last_name":"Passie","email":"rpassieo@blogtalkradio.com","gender":"Female"},
{"id":26,"first_name":"Lane","last_name":"Dessaur","email":"ldessaurp@cnet.com","gender":"Female"},
{"id":27,"first_name":"Kerrill","last_name":"Kurten","email":"kkurtenq@constantcontact.com","gender":"Female"},
{"id":28,"first_name":"Adelice","last_name":"Stritton","email":"astrittonr@spiegel.de","gender":"Female"},
{"id":29,"first_name":"Britte","last_name":"Sember","email":"bsembers@webeden.co.uk","gender":"Female"},
{"id":30,"first_name":"Shell","last_name":"Heakins","email":"sheakinst@jalbum.net","gender":"Female"},
{"id":31,"first_name":"Stearne","last_name":"Whelan","email":"swhelanu@amazonaws.com","gender":"Male"},
{"id":32,"first_name":"Yancey","last_name":"Tother","email":"ytotherv@rakuten.co.jp","gender":"Male"},
{"id":33,"first_name":"Durante","last_name":"Longcake","email":"dlongcakew@opera.com","gender":"Male"},
{"id":34,"first_name":"Taite","last_name":"Kislingbury","email":"tkislingburyx@technorati.com","gender":"Male"},
{"id":35,"first_name":"Dael","last_name":"Thrush","email":"dthrushy@apache.org","gender":"Male"},
{"id":36,"first_name":"Zandra","last_name":"Nehls","email":"znehlsz@goodreads.com","gender":"Female"},
{"id":37,"first_name":"Wolf","last_name":"Gamil","email":"wgamil10@imageshack.us","gender":"Male"},
{"id":38,"first_name":"Wallis","last_name":"Figge","email":"wfigge11@columbia.edu","gender":"Male"},
{"id":39,"first_name":"Concordia","last_name":"Hucklesby","email":"chucklesby12@china.com.cn","gender":"Female"},
{"id":40,"first_name":"Joel","last_name":"Fullerlove","email":"jfullerlove13@miitbeian.gov.cn","gender":"Male"},
{"id":41,"first_name":"Chickie","last_name":"Tumelty","email":"ctumelty14@altervista.org","gender":"Male"},
{"id":42,"first_name":"Gertrudis","last_name":"Winser","email":"gwinser15@eepurl.com","gender":"Female"},
{"id":43,"first_name":"Zuzana","last_name":"Pleuman","email":"zpleuman16@is.gd","gender":"Female"},
{"id":44,"first_name":"Any","last_name":"Tooth","email":"atooth17@washingtonpost.com","gender":"Male"},
{"id":45,"first_name":"Lin","last_name":"Kirkup","email":"lkirkup18@xrea.com","gender":"Male"},
{"id":46,"first_name":"Rafaellle","last_name":"McTague","email":"rmctague19@google.com.hk","gender":"Male"},
{"id":47,"first_name":"Clemmie","last_name":"Cranidge","email":"ccranidge1a@marriott.com","gender":"Female"},
{"id":48,"first_name":"Alwyn","last_name":"Hassewell","email":"ahassewell1b@posterous.com","gender":"Male"},
{"id":49,"first_name":"Ariella","last_name":"Rushman","email":"arushman1c@sphinn.com","gender":"Female"},
{"id":50,"first_name":"Win","last_name":"Toffanelli","email":"wtoffanelli1d@stumbleupon.com","gender":"Male"}]